sigla,nome,categoria,uf,regiao
UNCISAL,Universidade Estadual de Ciências da Saúde de Alagoas,estadual,AL,Nordeste
UNEAL,Universidade Estadual de Alagoas,estadual,AL,Nordeste
UEA,Universidade do Estado do Amazonas,estadual,AM,Norte
UEAP,Universidade Estadual do Amapá,estadual,AP,Norte
UEFS,Universidade Estadual de Feira de Santana,estadual,BA,Nordeste
UESB,Universidade Estadual do Sudoeste da Bahia,estadual,BA,Nordeste
UESC,Universidade Estadual de Santa Cruz,estadual,BA,Nordeste
UNEB,Universidade do Estado da Bahia,estadual,BA,Nordeste
UECE,Universidade Estadual do Ceará,estadual,CE,Nordeste
URCA,Universidade Regional do Cariri,estadual,CE,Nordeste
UVA,Universidade Estadual Vale do Acaraú,estadual,CE,Nordeste
UNDF,Universidade do Distrito Federal Jorge Amaury,estadual,DF,Centro-Oeste
UNAC,Universidade Aberta Capixaba,estadual,ES,Sudeste
UEG,Universidade Estadual de Goiás,estadual,GO,Centro-Oeste
UEMA,Universidade Estadual do Maranhão,estadual,MA,Nordeste
UEMASUL,Universidade Estadual da Região Tocantina do Maranhão,estadual,MA,Nordeste
UEMG,Universidade do Estado de Minas Gerais,estadual,MG,Sudeste
UNIMONTES,Universidade Estadual de Montes Claros,estadual,MG,Sudeste
UEMS,Universidade Estadual de Mato Grosso do Sul,estadual,MS,Centro-Oeste
UNEMAT,Universidade do Estado de Mato Grosso,estadual,MT,Centro-Oeste
UEPA,Universidade do Estado do Pará,estadual,PA,Norte
UEPB,Universidade Estadual da Paraíba,estadual,PB,Nordeste
UPE,Universidade de Pernambuco,estadual,PE,Nordeste
UESPI,Universidade Estadual do Piauí,estadual,PI,Nordeste
UEL,Universidade Estadual de Londrina,estadual,PR,Sul
UEM,Universidade Estadual de Maringá,estadual,PR,Sul
UENP,Universidade Estadual do Norte do Paraná,estadual,PR,Sul
UEPG,Universidade Estadual de Ponta Grossa,estadual,PR,Sul
UNESPAR,Universidade Estadual do Paraná,estadual,PR,Sul
UNICENTRO,Universidade Estadual do Centro-Oeste,estadual,PR,Sul
UNIOESTE,Universidade Estadual do Oeste do Paraná,estadual,PR,Sul
UENF,Universidade Estadual do Norte Fluminense Darcy Ribeiro,estadual,RJ,Sudeste
UERJ,Universidade do Estado do Rio de Janeiro,estadual,RJ,Sudeste
UERN,Universidade do Estado do Rio Grande do Norte,estadual,RN,Nordeste
UERR,Universidade Estadual de Roraima,estadual,RR,Norte
UERGS,Universidade Estadual do Rio Grande do Sul,estadual,RS,Sul
UDESC,Universidade do Estado de Santa Catarina,estadual,SC,Sul
UNESE,Universidade Estadual de Sergipe,estadual,SE,Nordeste
UNESP,"Universidade Estadual Paulista ""Júlio de Mesquita Filho""",estadual,SP,Sudeste
UNICAMP,Universidade Estadual de Campinas,estadual,SP,Sudeste
UNIVESP,Universidade Virtual do Estado de São Paulo,estadual,SP,Sudeste
USP,Universidade de São Paulo,estadual,SP,Sudeste
UNITINS,Universidade do Tocantins,estadual,TO,Norte
UFAC,Universidade Federal do Acre,federal,AC,Norte
UFAL,Universidade Federal de Alagoas,federal,AL,Nordeste
UFAM,Universidade Federal do Amazonas,federal,AM,Norte
UNIFAP,Universidade Federal do Amapá,federal,AP,Norte
UFBA,Universidade Federal da Bahia,federal,BA,Nordeste
UFOB,Universidade Federal do Oeste da Bahia,federal,BA,Nordeste
UFRB,Universidade Federal do Recôncavo da Bahia,federal,BA,Nordeste
UFSB,Universidade Federal do Sul da Bahia,federal,BA,Nordeste
UFC,Universidade Federal do Ceará,federal,CE,Nordeste
UFCA,Universidade Federal do Cariri,federal,CE,Nordeste
UNILAB,Universidade Federal da Lusofonia Afro-Brasileira,federal,Ceará (sede) Bahia,Nordeste
UNB,Universidade de Brasília,federal,DF,Centro-Oeste
UFESPORTE,Universidade Federal do esporte,federal,Distrito Federal (sede),Centro-Oeste
UNIND,Universidade Federal Indígena,federal,Distrito Federal (sede),Centro-Oeste
UFES,Universidade Federal do Espírito Santo,federal,ES,Sudeste
UFCAT,Universidade Federal de Catalão,federal,GO,Centro-Oeste
UFG,Universidade Federal de Goiás,federal,GO,Centro-Oeste
UFJ,Universidade Federal de Jataí,federal,GO,Centro-Oeste
UFMA,Universidade Federal do Maranhão,federal,MA,Nordeste
UFJF,Universidade Federal de Juiz de Fora,federal,MG,Sudeste
UFLA,Universidade Federal de Lavras,federal,MG,Sudeste
UFMG,Universidade Federal de Minas Gerais,federal,MG,Sudeste
UFOP,Universidade Federal de Ouro Preto,federal,MG,Sudeste
UFSJ,Universidade Federal de São João del-Rei,federal,MG,Sudeste
UFTM,Universidade Federal do Triângulo Mineiro,federal,MG,Sudeste
UFU,Universidade Federal de Uberlândia,federal,MG,Sudeste
UFV,Universidade Federal de Viçosa,federal,MG,Sudeste
UFVJM,Universidade Federal dos Vales do Jequitinhonha e Mucuri,federal,MG,Sudeste
UNIFAL-MG,Universidade Federal de Alfenas,federal,MG,Sudeste
UNIFEI,Universidade Federal de Itajubá,federal,MG,Sudeste
UFGD,Universidade Federal da Grande Dourados,federal,MS,Centro-Oeste
UFMS,Universidade Federal de Mato Grosso do Sul,federal,MS,Centro-Oeste
UFMT,Universidade Federal de Mato Grosso,federal,MT,Centro-Oeste
UFR,Universidade Federal de Rondonópolis,federal,MT,Centro-Oeste
UFOPA,Universidade Federal do Oeste do Pará,federal,PA,Norte
UFPA,Universidade Federal do Pará,federal,PA,Norte
UFRA,Universidade Federal Rural da Amazônia,federal,PA,Norte
UNIFESSPA,Universidade Federal do Sul e Sudeste do Pará,federal,PA,Norte
UFCG,Universidade Federal de Campina Grande,federal,PB,Nordeste
UFPB,Universidade Federal da Paraíba,federal,PB,Nordeste
UFAPE,Universidade Federal do Agreste de Pernambuco,federal,PE,Nordeste
UFPE,Universidade Federal de Pernambuco,federal,PE,Nordeste
UFRPE,Universidade Federal Rural de Pernambuco,federal,PE,Nordeste
UFDPAR,Universidade Federal do Delta do Parnaíba,federal,PI,Nordeste
UFPI,Universidade Federal do Piauí,federal,PI,Nordeste
UFPR,Universidade Federal do Paraná,federal,PR,Sul
UNILA,Universidade Federal da Integração Latino-Americana,federal,PR,Sul
UTFPR,Universidade Tecnológica Federal do Paraná,federal,PR,Sul
UNIVASF,Universidade Federal do Vale do São Francisco,federal,Pernambuco (sede) Bahia Piauí,Nordeste
UFF,Universidade Federal Fluminense,federal,RJ,Sudeste
UFRJ,Universidade Federal do Rio de Janeiro,federal,RJ,Sudeste
UFRRJ,Universidade Federal Rural do Rio de Janeiro,federal,RJ,Sudeste
UNIRIO,Universidade Federal do Estado do Rio de Janeiro,federal,RJ,Sudeste
UFERSA,Universidade Federal Rural do Semi-Árido,federal,RN,Nordeste
UFRN,Universidade Federal do Rio Grande do Norte,federal,RN,Nordeste
UNIR,Universidade Federal de Rondônia,federal,RO,Norte
UFRR,Universidade Federal de Roraima,federal,RR,Norte
FURG,Universidade Federal do Rio Grande,federal,RS,Sul
UFCSPA,Universidade Federal de Ciências da Saúde de Porto Alegre,federal,RS,Sul
UFPEL,Universidade Federal de Pelotas,federal,RS,Sul
UFRGS,Universidade Federal do Rio Grande do Sul,federal,RS,Sul
UFSM,Universidade Federal de Santa Maria,federal,RS,Sul
UNIPAMPA,Universidade Federal do Pampa,federal,RS,Sul
UFSC,Universidade Federal de Santa Catarina,federal,SC,Sul
UFS,Universidade Federal de Sergipe,federal,SE,Nordeste
UFABC,Universidade Federal do ABC,federal,SP,Sudeste
UFSCAR,Universidade Federal de São Carlos,federal,SP,Sudeste
UNIFESP,Universidade Federal de São Paulo,federal,SP,Sudeste
UFFS,Universidade Federal da Fronteira Sul,federal,Santa Catarina (sede) Paraná Rio Grande do Sul,Sul
UFNT,Universidade Federal do Norte do Tocantins,federal,TO,Norte
UFT,Universidade Federal do Tocantins,federal,TO,Norte
